,var_1,var_2
0,1.408796696895981,1.2724821991003719
1,0.5240440277802354,0.18128762538674792
2,0.057076078850295975,1.7507598112293474
3,0.2912930266537379,1.160090540290918
4,1.4544591973026704,1.1577980702765014
5,1.9396456141818768,0.7908760449985457
6,1.9874726338960098,0.17989526597046934
7,1.4089376359329142,1.4467674015521472
8,0.28558725981472155,1.5006672473597413
9,0.9637430113197996,0.9266524972154642
