,var_1,var_2
0,0.6284468549566091,1.2890204702992343
1,0.08211830564735889,1.56118813753912
2,0.9232455283748262,0.2260991655534168
3,1.7588451145214037,1.1503103044945426
4,0.2465419967224476,0.4405540029359969
5,1.1324708223133695,0.984659709310304
6,0.12370933800409745,0.7616940402813257
7,0.17370468954787976,1.7787713032171635
8,1.0262641207078886,0.4120226219289309
9,1.9848476607349024,1.216113006210605
